latitude,longitude,brightness,scan,track,acq_date,acq_time,satellite,instrument,confidence,version,bright_t31,frp,daynight,type
40.0181,46.0989,305.3,1.8,1.3,2023-01-01,0707,Terra,MODIS,58,61.03,273.3,24.7,D,0
40.0199,46.0781,307.1,1.8,1.3,2023-01-01,0707,Terra,MODIS,65,61.03,272.7,28.1,D,0
40.0198,46.0844,303.3,1,1,2023-01-01,1009,Aqua,MODIS,33,61.03,281.6,7.6,D,0
40.0281,46.2014,304.9,1,1,2023-01-01,1009,Aqua,MODIS,60,61.03,282.2,9.1,D,0
40.0109,46.0866,308.8,1,1,2023-01-01,1009,Aqua,MODIS,57,61.03,283.7,11.3,D,0
40.0298,46.2128,301.2,1,1,2023-01-01,1009,Aqua,MODIS,43,61.03,280.9,6.8,D,0
40.0083,46.0811,392.7,1.2,1.1,2023-01-02,0748,Terra,MODIS,100,61.03,291.8,277.5,D,0
39.9843,46.1611,309.1,1.2,1.1,2023-01-02,0748,Terra,MODIS,50,61.03,284.4,13.4,D,0
39.9963,46.0928,309.6,1.2,1.1,2023-01-02,0748,Terra,MODIS,37,61.03,280.6,12.8,D,0
39.9915,46.1202,320.9,1.2,1.1,2023-01-02,0748,Terra,MODIS,75,61.03,286.7,25.7,D,0
39.9988,46.0786,343.9,1.2,1.1,2023-01-02,0748,Terra,MODIS,93,61.03,282.5,68.3,D,0
40.0059,46.0951,344.9,1.2,1.1,2023-01-02,0748,Terra,MODIS,94,61.03,284.8,67.4,D,0
39.9849,46.1639,301.9,2.9,1.6,2023-01-02,1051,Aqua,MODIS,50,61.03,285.7,31.1,D,0
40.0016,46.0645,311.4,3.3,1.7,2023-01-03,0651,Terra,MODIS,71,61.03,281.7,71.3,D,0
39.9992,46.0697,308.3,3.3,1.7,2023-01-03,0651,Terra,MODIS,61,61.03,282.3,57.9,D,0
39.2249,48.7206,300.4,1,1,2023-01-03,0955,Aqua,MODIS,36,61.03,287.3,4.8,D,0
39.2994,47.1343,375.1,1,1,2023-01-04,0732,Terra,MODIS,100,61.03,290.1,137.3,D,0
39.691,47.0547,301.8,1,1,2023-01-04,0732,Terra,MODIS,49,61.03,289.5,5,D,0
39.316,47.1555,318.3,2.1,1.4,2023-01-04,1038,Aqua,MODIS,57,61.03,289.1,40.9,D,0
39.3016,47.1335,322.6,2,1.4,2023-01-04,1038,Aqua,MODIS,82,61.03,288.8,53,D,0
39.3059,47.1492,309.4,2.1,1.4,2023-01-04,1038,Aqua,MODIS,60,61.03,288.1,23.2,D,0
39.304,47.1254,312.7,2,1.4,2023-01-04,1038,Aqua,MODIS,73,61.03,288.3,29.9,D,0
39.3184,47.1474,312.6,2.1,1.4,2023-01-04,1038,Aqua,MODIS,65,61.03,288.4,29.5,D,0
39.567,46.2567,348.2,1.3,1.1,2023-01-06,0716,Terra,MODIS,0,61.03,282.1,91.2,D,0
39.3105,47.1645,301.6,1.2,1.1,2023-01-06,0716,Terra,MODIS,48,61.03,280.9,8.2,D,0
39.2978,47.1249,302.1,1.3,1.1,2023-01-06,1025,Aqua,MODIS,41,61.03,288.6,6.3,D,0
39.2962,47.1097,300.4,1.3,1.1,2023-01-06,1025,Aqua,MODIS,29,61.03,289.3,5,D,0
39.313,47.1688,305.8,1.3,1.1,2023-01-06,1025,Aqua,MODIS,62,61.03,287.8,10.2,D,0
39.5672,46.2645,327.9,1.2,1.1,2023-01-06,1025,Aqua,MODIS,55,61.03,279.7,35.6,D,0
39.5576,46.2678,333.4,1.2,1.1,2023-01-06,1025,Aqua,MODIS,88,61.03,280.7,46,D,0
39.5023,48.3624,310.5,2.2,1.4,2023-01-07,0757,Terra,MODIS,70,61.03,285.4,36.3,D,0
40.3846,47.4968,311,1.8,1.3,2023-01-07,0757,Terra,MODIS,71,61.03,285.4,29,D,0
40.3794,47.5007,309.9,1.8,1.3,2023-01-07,0757,Terra,MODIS,69,61.03,285.4,25.4,D,0
39.3028,47.1504,306.6,1.9,1.3,2023-01-07,0757,Terra,MODIS,53,61.03,288.8,17.7,D,0
40.1952,49.4667,308.6,1.1,1,2023-01-25,0712,Terra,MODIS,63,61.03,279.2,11.8,D,0
39.4947,48.1619,303,1.2,1.1,2023-01-25,0712,Terra,MODIS,54,61.03,280.9,9.8,D,0
40.1955,49.4614,303.5,1,1,2023-01-26,0951,Aqua,MODIS,56,61.03,284.7,6.1,D,0
39.9113,46.2844,302.5,1.4,1.2,2023-01-26,0951,Aqua,MODIS,51,61.03,280.5,13.6,D,0
39.9067,46.2909,301.2,1.4,1.2,2023-01-26,0951,Aqua,MODIS,40,61.03,279.5,11.5,D,0
40.2273,46.7447,301.6,1.1,1.1,2023-01-29,1020,Aqua,MODIS,42,61.03,282.7,7.6,D,0
39.2105,46.7088,317,1.1,1,2023-01-30,0721,Terra,MODIS,77,61.03,283.6,18.8,D,0
39.2089,46.7209,318.9,1.1,1,2023-01-30,0721,Terra,MODIS,79,61.03,281.4,20.9,D,0
39.2894,47.101,310.9,2.8,1.6,2023-02-13,0929,Aqua,MODIS,71,61.03,288.8,46.5,D,0
39.2967,47.1315,300.6,2.8,1.6,2023-02-13,0929,Aqua,MODIS,39,61.03,287.7,18.3,D,0
39.6766,47.6012,300,2.5,1.5,2023-02-13,0929,Aqua,MODIS,20,61.03,287.2,15.2,D,0
40.347,47.5113,303,1.5,1.2,2023-02-14,0748,Terra,MODIS,55,61.03,282.9,12,D,0
40.2792,47.6065,302.7,1.5,1.2,2023-02-14,0748,Terra,MODIS,53,61.03,283.5,11.8,D,0
40.1585,47.6318,300.3,1.5,1.2,2023-02-14,0748,Terra,MODIS,33,61.03,284.4,9.4,D,0
40.0099,48.3909,312,1.7,1.3,2023-02-14,0748,Terra,MODIS,72,61.03,282.1,27.3,D,0
40.3189,47.7148,309.6,1.5,1.2,2023-02-14,0748,Terra,MODIS,69,61.03,283.5,20.4,D,0
41.0602,46.5364,310.4,1.3,1.1,2023-02-14,0748,Terra,MODIS,66,61.03,283,16.1,D,0
41.0576,46.551,309.7,1.3,1.1,2023-02-14,0748,Terra,MODIS,60,61.03,283.3,15.6,D,0
40.328,47.6967,307.8,1,1,2023-02-14,1011,Aqua,MODIS,66,61.03,286.5,9,D,0
40.5543,48.0229,324.7,1.1,1,2023-02-14,1011,Aqua,MODIS,83,61.03,287.6,25.3,D,0
40.5559,48.0352,316.2,1.1,1,2023-02-14,1011,Aqua,MODIS,76,61.03,286.9,16.3,D,0
40.45,47.5078,307.1,1,1,2023-02-14,1011,Aqua,MODIS,65,61.03,285.6,8,D,0
40.3932,47.6389,303.9,1,1,2023-02-14,1011,Aqua,MODIS,57,61.03,285.8,6.3,D,0
40.3562,47.6283,315.1,1,1,2023-02-14,1011,Aqua,MODIS,75,61.03,287.7,14.8,D,0
40.3264,47.6847,301.3,1,1,2023-02-14,1011,Aqua,MODIS,46,61.03,286.3,4.9,D,0
40.3905,48.4048,312.6,1.1,1,2023-02-14,1011,Aqua,MODIS,73,61.03,286,14.2,D,0
40.2729,47.8403,320.5,1,1,2023-02-14,1011,Aqua,MODIS,80,61.03,288.6,19.6,D,0
40.2206,47.9955,304.2,1.1,1,2023-02-14,1011,Aqua,MODIS,58,61.03,285.7,6.7,D,0
40.125,47.6932,300.4,1,1,2023-02-14,1011,Aqua,MODIS,36,61.03,289,3.1,D,0
40.0594,47.3407,316.4,1,1,2023-02-14,1011,Aqua,MODIS,77,61.03,289.6,14.2,D,2
40.1603,48.1096,302.5,1.1,1,2023-02-14,1011,Aqua,MODIS,52,61.03,286.5,6.2,D,0
40.1493,48.2325,303.1,1.1,1,2023-02-14,1011,Aqua,MODIS,55,61.03,286.4,6.2,D,0
40.0135,47.762,303.1,1,1,2023-02-14,1011,Aqua,MODIS,41,61.03,291.3,3.5,D,0
40.0068,47.7692,302.7,1,1,2023-02-14,1011,Aqua,MODIS,44,61.03,290.5,2.8,D,0
39.9687,47.9761,301.8,1,1,2023-02-14,1011,Aqua,MODIS,49,61.03,289.1,4.2,D,2
40.036,48.5833,303.3,1.1,1,2023-02-14,1011,Aqua,MODIS,56,61.03,286.5,7,D,0
39.9799,48.3453,301.6,1.1,1,2023-02-14,1011,Aqua,MODIS,48,61.03,287.1,5.7,D,0
39.9012,47.8119,314.7,1,1,2023-02-14,1011,Aqua,MODIS,75,61.03,290.7,12.7,D,0
39.9913,48.5092,303.2,1.1,1,2023-02-14,1011,Aqua,MODIS,55,61.03,287.5,6.7,D,0
39.8246,48.4354,307.3,1.1,1,2023-02-14,1011,Aqua,MODIS,65,61.03,288,8.2,D,0
39.8095,48.6762,302.2,1.1,1,2023-02-14,1011,Aqua,MODIS,51,61.03,288.5,5.5,D,0
39.3256,47.1636,347.3,1,1,2023-02-14,1011,Aqua,MODIS,95,61.03,293.8,55.6,D,0
39.3272,47.1752,314.9,1,1,2023-02-14,1011,Aqua,MODIS,75,61.03,290.4,11.6,D,0
39.3199,47.1888,348.4,1,1,2023-02-14,1011,Aqua,MODIS,95,61.03,290.2,58.1,D,0
39.3215,47.2003,332.2,1,1,2023-02-14,1011,Aqua,MODIS,88,61.03,288,30.6,D,0
39.4509,48.2385,308.1,1.1,1,2023-02-14,1011,Aqua,MODIS,67,61.03,290.8,8,D,0
39.4524,48.2506,308,1.1,1,2023-02-14,1011,Aqua,MODIS,66,61.03,290.4,8.1,D,0
39.1882,46.7177,307.1,1,1,2023-02-14,1011,Aqua,MODIS,64,61.03,289.4,6.1,D,0
40.7036,47.0004,306.6,1,1,2023-02-14,1012,Aqua,MODIS,64,61.03,287.5,7.9,D,0
40.6393,46.6025,305,1,1,2023-02-14,1012,Aqua,MODIS,60,61.03,287,6.3,D,0
41.0471,46.5441,303.3,1,1,2023-02-14,1012,Aqua,MODIS,42,61.03,286.6,6.1,D,0
39.2859,47.1047,304.7,3.4,1.7,2023-02-15,1054,Aqua,MODIS,60,61.03,288.4,32.7,D,0
39.2793,47.1004,300.3,3.4,1.7,2023-02-15,1054,Aqua,MODIS,24,61.03,287.8,15.7,D,0
39.9066,48.0751,302.4,1.1,1,2023-02-16,0732,Terra,MODIS,52,61.03,285.9,6.2,D,0
39.7728,48.1019,339.4,1.1,1,2023-02-16,0732,Terra,MODIS,91,61.03,288.6,47.7,D,0
39.7748,48.0898,311.9,1.1,1,2023-02-16,0732,Terra,MODIS,72,61.03,287.6,12.8,D,0
39.9562,48.2916,305.4,1.1,1,2023-02-16,0732,Terra,MODIS,61,61.03,285.8,8.3,D,0
39.9646,48.2874,311.2,1.1,1,2023-02-16,0732,Terra,MODIS,71,61.03,285.2,12.3,D,0
40.5453,47.4482,310.4,1,1,2023-02-16,0732,Terra,MODIS,70,61.03,282.3,12.1,D,0
39.5134,48.2602,300.3,1.1,1,2023-02-16,0733,Terra,MODIS,33,61.03,286.6,4.6,D,0
40.122,48.2233,303.3,1,1,2023-02-16,0958,Aqua,MODIS,56,61.03,289.3,4.4,D,0
39.5072,48.3267,308.5,1,1,2023-02-16,0958,Aqua,MODIS,67,61.03,291.5,8,D,0
40.1459,48.087,317.1,1,1,2023-02-16,0958,Aqua,MODIS,77,61.03,290.3,15.6,D,0
39.6079,47.6856,305.9,1.1,1,2023-02-16,0958,Aqua,MODIS,62,61.03,283,8.3,D,0
39.7236,47.7117,303.8,1.1,1,2023-02-16,0958,Aqua,MODIS,57,61.03,291.3,5.2,D,0
39.4932,48.1692,331.3,2.5,1.5,2023-02-17,1040,Aqua,MODIS,87,61.03,289.6,111.2,D,0
39.4665,48.3778,302.4,2.5,1.5,2023-02-17,1040,Aqua,MODIS,52,61.03,288.6,20.4,D,0
39.3005,47.1553,307.9,2.1,1.4,2023-02-17,1040,Aqua,MODIS,66,61.03,289.8,18.2,D,0
39.2878,47.1564,309.2,2.1,1.4,2023-02-17,1040,Aqua,MODIS,68,61.03,290.9,20.8,D,0
39.2694,47.0851,302.3,2.1,1.4,2023-02-17,1040,Aqua,MODIS,52,61.03,290.3,8,D,0
40.4144,47.623,304.6,2.3,1.5,2023-02-17,1040,Aqua,MODIS,48,61.03,286.3,19.4,D,0
40.4061,47.6288,305.8,2.3,1.5,2023-02-17,1040,Aqua,MODIS,62,61.03,286.7,23,D,0
40.3358,48.3427,329.5,2.6,1.5,2023-02-17,1040,Aqua,MODIS,86,61.03,286.6,116.9,D,0
40.0569,47.6625,317,2.3,1.5,2023-02-17,1040,Aqua,MODIS,77,61.03,288,47.7,D,0
40.0596,47.6395,300,2.3,1.5,2023-02-17,1040,Aqua,MODIS,16,61.03,287.5,10.4,D,0
40.0616,47.6667,313.7,2.3,1.5,2023-02-17,1040,Aqua,MODIS,70,61.03,288,41.3,D,0
39.6579,44.7939,300.7,1.6,1.2,2023-02-17,1040,Aqua,MODIS,33,61.03,288.5,7.1,D,0
39.6576,44.7993,300.4,1.6,1.2,2023-02-17,1040,Aqua,MODIS,15,61.03,288,6.5,D,0
39.69,47.5666,312.3,2.3,1.5,2023-02-17,1040,Aqua,MODIS,72,61.03,286.1,35.5,D,0
39.6938,47.5711,311.7,2.3,1.5,2023-02-17,1040,Aqua,MODIS,72,61.03,286.6,36.2,D,0
39.6528,47.7387,303.1,2.3,1.5,2023-02-17,1040,Aqua,MODIS,55,61.03,287.9,18.5,D,0
39.6737,48.0438,300.1,2.4,1.5,2023-02-17,1040,Aqua,MODIS,27,61.03,288.9,12.8,D,0
39.6506,47.8572,302,2.4,1.5,2023-02-17,1040,Aqua,MODIS,50,61.03,286.8,16.4,D,0
39.5607,47.5414,300.6,2.3,1.5,2023-02-17,1040,Aqua,MODIS,39,61.03,287.7,11.4,D,0
39.4879,48.1617,325.3,2.5,1.5,2023-02-17,1040,Aqua,MODIS,84,61.03,290,86.3,D,0
39.4898,48.1905,311.7,2.5,1.5,2023-02-17,1040,Aqua,MODIS,72,61.03,289.1,39.8,D,0
40.2002,47.7844,301.4,1.1,1,2023-02-18,0716,Terra,MODIS,46,61.03,285.6,6,D,0
41.1415,46.8169,314,1.2,1.1,2023-02-18,0716,Terra,MODIS,74,61.03,280.2,19,D,0
39.4678,48.2081,309,1.4,1.2,2023-02-18,0944,Aqua,MODIS,68,61.03,292.1,12.4,D,0
39.6696,48.1129,306.6,1.4,1.2,2023-02-18,0944,Aqua,MODIS,64,61.03,292.3,9.2,D,0
39.2343,48.6799,323.4,1.4,1.2,2023-02-18,0944,Aqua,MODIS,82,61.03,293.3,29.8,D,0
39.4708,48.2239,301,1.4,1.2,2023-02-18,0944,Aqua,MODIS,43,61.03,290.6,4.6,D,0
39.2412,47.0563,304.4,1.7,1.3,2023-02-18,0944,Aqua,MODIS,57,61.03,293.7,6.4,D,0
39.851,47.6489,303.7,1.5,1.2,2023-02-18,0945,Aqua,MODIS,57,61.03,292.4,7.5,D,0
40.053,48.8335,301.1,1.3,1.1,2023-02-18,0945,Aqua,MODIS,37,61.03,287.7,5.8,D,0
39.7156,47.6111,304.6,1.5,1.2,2023-02-18,0945,Aqua,MODIS,59,61.03,292,8.2,D,0
39.828,48.3405,304.2,1.4,1.2,2023-02-18,0945,Aqua,MODIS,47,61.03,290.5,7.2,D,0
39.7831,48.3879,330.3,1.4,1.2,2023-02-18,0945,Aqua,MODIS,87,61.03,292.1,44.5,D,0
39.786,48.4034,326.6,1.4,1.2,2023-02-18,0945,Aqua,MODIS,84,61.03,292.2,37.1,D,0
39.8092,48.5265,302,1.3,1.1,2023-02-18,0945,Aqua,MODIS,50,61.03,291,5.5,D,0
40.4547,47.7248,301.3,1.4,1.2,2023-02-18,0945,Aqua,MODIS,41,61.03,288,6,D,0
40.4509,47.7311,300.1,1.4,1.2,2023-02-18,0945,Aqua,MODIS,26,61.03,287.9,5.2,D,0
40.2587,47.2814,301.3,1.5,1.2,2023-02-18,0945,Aqua,MODIS,46,61.03,289.3,6.2,D,0
40.4175,48.4514,301.9,1.3,1.1,2023-02-18,0945,Aqua,MODIS,49,61.03,288.7,6.4,D,0
40.3651,48.3279,303,1.3,1.1,2023-02-18,0945,Aqua,MODIS,54,61.03,288.4,8.2,D,0
40.1939,47.5996,302.9,1.5,1.2,2023-02-18,0945,Aqua,MODIS,54,61.03,289.7,8.2,D,2
40.0379,48.5221,309.4,1.3,1.1,2023-02-18,0945,Aqua,MODIS,69,61.03,287.9,14.4,D,0
40.7449,47.2855,304.5,1.9,1.3,2023-02-19,0757,Terra,MODIS,59,61.03,286.1,16.4,D,0
39.3298,47.1695,306,1.4,1.2,2023-02-19,1027,Aqua,MODIS,42,61.03,286.7,6.1,D,0
40.7208,46.9207,312.3,1.4,1.2,2023-02-19,1027,Aqua,MODIS,60,61.03,283.1,17.4,D,0
40.7155,46.9272,315.2,1.4,1.2,2023-02-19,1027,Aqua,MODIS,76,61.03,281.7,22.5,D,0
40.2719,47.9132,315.5,1.5,1.2,2023-02-19,1027,Aqua,MODIS,76,61.03,291.5,22,D,0
40.2736,47.931,304.5,1.5,1.2,2023-02-19,1027,Aqua,MODIS,59,61.03,290.6,7.5,D,0
40.2709,47.9188,317,1.5,1.2,2023-02-19,1027,Aqua,MODIS,77,61.03,291.2,23.4,D,0
40.2074,47.5065,307.3,1.4,1.2,2023-02-19,1027,Aqua,MODIS,65,61.03,290.9,10,D,0
40.1862,47.8428,305.1,1.5,1.2,2023-02-19,1027,Aqua,MODIS,55,61.03,291.7,8.2,D,0
40.1753,47.8446,306.1,1.5,1.2,2023-02-19,1027,Aqua,MODIS,63,61.03,291.4,9.2,D,0
40.2347,48.4875,303.3,1.6,1.3,2023-02-19,1027,Aqua,MODIS,55,61.03,290,8.9,D,0
40.1812,48.0245,308,1.5,1.2,2023-02-19,1027,Aqua,MODIS,66,61.03,291.6,11.3,D,0
40.2334,48.4753,306.3,1.6,1.3,2023-02-19,1027,Aqua,MODIS,63,61.03,290.1,11.8,D,0
40.1774,48.0138,305.7,1.5,1.2,2023-02-19,1027,Aqua,MODIS,62,61.03,291.5,9.3,D,0
40.1526,48.2211,302.2,1.6,1.2,2023-02-19,1027,Aqua,MODIS,51,61.03,290.6,5.6,D,0
40.1765,49.0048,303.1,1.8,1.3,2023-02-19,1027,Aqua,MODIS,52,61.03,290.4,7.8,D,0
39.9293,47.5732,302.3,1.4,1.2,2023-02-19,1027,Aqua,MODIS,52,61.03,291,5.3,D,0
40.015,48.6982,305.8,1.7,1.3,2023-02-19,1027,Aqua,MODIS,62,61.03,290.1,12.3,D,0
39.9125,47.7314,306.5,1.5,1.2,2023-02-19,1027,Aqua,MODIS,62,61.03,293.1,7.1,D,0
39.9018,47.7332,307.2,1.5,1.2,2023-02-19,1027,Aqua,MODIS,62,61.03,292.6,8.3,D,0
40.0062,48.8596,302.6,1.7,1.3,2023-02-19,1027,Aqua,MODIS,50,61.03,288.5,8.7,D,0
39.9329,48.657,301.9,1.7,1.3,2023-02-19,1027,Aqua,MODIS,50,61.03,289.9,6.9,D,0
39.813,47.53,308.7,1.4,1.2,2023-02-19,1027,Aqua,MODIS,67,61.03,293,10.7,D,0
39.8147,47.5466,310.6,1.4,1.2,2023-02-19,1027,Aqua,MODIS,70,61.03,292.8,13.3,D,0
39.9014,48.5643,301.1,1.6,1.3,2023-02-19,1027,Aqua,MODIS,45,61.03,289.2,6.7,D,0
39.8847,48.763,302,1.7,1.3,2023-02-19,1027,Aqua,MODIS,50,61.03,289.6,7.1,D,0
39.8862,48.7698,300.4,1.7,1.3,2023-02-19,1027,Aqua,MODIS,36,61.03,289.2,5.7,D,0
39.6853,46.9834,308.4,1.3,1.1,2023-02-19,1027,Aqua,MODIS,67,61.03,295.1,8.4,D,0
39.8119,48.2262,302.7,1.6,1.2,2023-02-19,1027,Aqua,MODIS,53,61.03,290.2,6.8,D,0
39.7178,47.6038,321,1.4,1.2,2023-02-19,1027,Aqua,MODIS,68,61.03,291.7,26,D,0
39.8029,48.4904,303.4,1.6,1.3,2023-02-19,1027,Aqua,MODIS,54,61.03,288.8,8.3,D,0
39.7205,47.7409,307.6,1.5,1.2,2023-02-19,1027,Aqua,MODIS,55,61.03,291.2,9.5,D,0
39.7576,48.125,320.1,1.5,1.2,2023-02-19,1027,Aqua,MODIS,80,61.03,290.6,30.9,D,0
39.8055,48.6443,312.5,1.7,1.3,2023-02-19,1027,Aqua,MODIS,73,61.03,291.1,19.8,D,0
39.6949,47.5906,314.4,1.4,1.2,2023-02-19,1027,Aqua,MODIS,43,61.03,290.8,16.2,D,0
39.7098,47.7426,310.9,1.5,1.2,2023-02-19,1027,Aqua,MODIS,71,61.03,291.5,13.9,D,0
39.7115,47.7597,303.8,1.5,1.2,2023-02-19,1027,Aqua,MODIS,42,61.03,291.2,5.6,D,0
39.7812,48.6286,310.7,1.6,1.3,2023-02-19,1027,Aqua,MODIS,33,61.03,290.3,15.7,D,0
39.7072,47.7485,308.9,1.5,1.2,2023-02-19,1027,Aqua,MODIS,33,61.03,291.5,10.4,D,0
39.7835,48.6337,313.4,1.6,1.3,2023-02-19,1027,Aqua,MODIS,74,61.03,290.3,22.1,D,0
39.6026,48.2905,302.3,1.6,1.2,2023-02-19,1027,Aqua,MODIS,51,61.03,289.8,5.5,D,0
39.3281,47.1537,310.1,1.4,1.2,2023-02-19,1027,Aqua,MODIS,69,61.03,288.1,10,D,0
39.3178,47.1559,366.1,1.4,1.2,2023-02-19,1027,Aqua,MODIS,100,61.03,291.2,156.1,D,0
39.3195,47.1715,350.5,1.4,1.2,2023-02-19,1027,Aqua,MODIS,96,61.03,288.2,93.9,D,0
41.2348,47.0596,301.1,2,1.4,2023-02-20,0700,Terra,MODIS,44,61.03,277.3,14.8,D,0
39.3415,49.0415,304.3,1.4,1.2,2023-02-20,0700,Terra,MODIS,58,61.03,290.1,8,D,0
39.5203,47.5304,312.1,1.8,1.3,2023-02-20,0700,Terra,MODIS,72,61.03,291.5,21.2,D,0
39.7556,47.6841,303.4,1.7,1.3,2023-02-20,0700,Terra,MODIS,56,61.03,291,8.8,D,0
39.8504,48.7276,305.7,1.5,1.2,2023-02-20,0700,Terra,MODIS,62,61.03,290,10.8,D,0
39.8698,49.0143,302.1,1.5,1.2,2023-02-20,0700,Terra,MODIS,51,61.03,288.4,7.2,D,0
40.2349,48.2816,306.5,1.6,1.3,2023-02-20,0700,Terra,MODIS,64,61.03,289.5,13.5,D,0
40.5367,47.5982,316.6,1.8,1.3,2023-02-20,0700,Terra,MODIS,77,61.03,287.2,31.9,D,0
40.5326,47.6036,309.9,1.8,1.3,2023-02-20,0700,Terra,MODIS,69,61.03,287.1,21.4,D,0
40.5343,47.5827,307.3,1.8,1.3,2023-02-20,0700,Terra,MODIS,65,61.03,286.7,17.4,D,0
40.6284,47.0235,300.3,1.9,1.4,2023-02-20,0700,Terra,MODIS,35,61.03,288.6,8.3,D,0
40.5093,48.7368,304.8,1.5,1.2,2023-02-20,0700,Terra,MODIS,60,61.03,289.1,10.7,D,0
39.6081,47.776,317.1,2.3,1.5,2023-02-20,0931,Aqua,MODIS,74,61.03,295.7,36.8,D,0
39.5229,47.5214,307.1,2.4,1.5,2023-02-20,0931,Aqua,MODIS,61,61.03,295.6,15.4,D,0
39.3811,47.2778,309.4,2.5,1.5,2023-02-20,0931,Aqua,MODIS,66,61.03,295.7,22.5,D,0
40.539,48.4474,307.8,2,1.4,2023-02-20,0931,Aqua,MODIS,66,61.03,292,18.1,D,0
39.3092,47.1253,314.6,2.6,1.5,2023-02-20,0931,Aqua,MODIS,73,61.03,296.6,38.5,D,0
39.3158,47.1536,308.3,2.6,1.5,2023-02-20,0931,Aqua,MODIS,63,61.03,296.4,20,D,0
39.375,47.2846,310.5,2.5,1.5,2023-02-20,0931,Aqua,MODIS,67,61.03,295.7,27,D,0
40.2439,47.3062,307.6,2.4,1.5,2023-02-20,0931,Aqua,MODIS,66,61.03,295.9,17.4,D,0
40.1167,48.437,304.1,2.1,1.4,2023-02-20,0931,Aqua,MODIS,57,61.03,293.4,9.5,D,0
40.0956,48.5202,305.2,2,1.4,2023-02-20,0931,Aqua,MODIS,57,61.03,294,12.1,D,0
39.8199,48.3055,306.3,2.1,1.4,2023-02-20,0931,Aqua,MODIS,61,61.03,295.7,12.1,D,0
39.8252,48.3294,306.5,2.1,1.4,2023-02-20,0931,Aqua,MODIS,61,61.03,294.5,12.5,D,0
39.8202,48.3097,308.9,2.1,1.4,2023-02-20,0931,Aqua,MODIS,60,61.03,295.7,15.8,D,0
39.8749,48.8635,303.9,2,1.4,2023-02-20,0931,Aqua,MODIS,52,61.03,293.5,10,D,0
39.5988,47.744,308.4,2.3,1.5,2023-02-20,0931,Aqua,MODIS,64,61.03,295.6,16.6,D,0
39.6048,47.7701,319.6,2.3,1.5,2023-02-20,0931,Aqua,MODIS,79,61.03,295.8,48.3,D,0
39.518,47.5161,305.8,2.4,1.5,2023-02-20,0931,Aqua,MODIS,52,61.03,295.5,11.9,D,0
39.6023,47.7499,319,2.3,1.5,2023-02-20,0931,Aqua,MODIS,78,61.03,295.2,42.5,D,0
39.3889,47.2881,300.8,2,1.4,2023-02-20,1804,Terra,MODIS,33,61.03,276.5,20.6,N,0
40.1824,47.4142,317.3,1.2,1.1,2023-02-21,0741,Terra,MODIS,56,61.03,279.6,18.6,D,0
39.6014,47.42,314.3,1.2,1.1,2023-02-21,0741,Terra,MODIS,75,61.03,288.7,16.8,D,0
39.6039,47.4062,303.5,1.2,1.1,2023-02-21,0741,Terra,MODIS,43,61.03,288.6,6.5,D,0
39.5397,48.4932,319.6,1.4,1.2,2023-02-21,0741,Terra,MODIS,79,61.03,283.9,30.6,D,0
39.7057,47.881,302.1,1.3,1.1,2023-02-21,0741,Terra,MODIS,19,61.03,285.5,7.5,D,0
40.1777,47.4416,321.4,1.2,1.1,2023-02-21,0741,Terra,MODIS,67,61.03,283.8,24.6,D,0
40.1801,47.4279,346.8,1.2,1.1,2023-02-21,0741,Terra,MODIS,82,61.03,281.9,73.1,D,0
40.3184,47.8839,301.6,1.3,1.1,2023-02-21,0741,Terra,MODIS,44,61.03,284.1,7.9,D,0
40.321,47.8697,302.1,1.2,1.1,2023-02-21,0741,Terra,MODIS,50,61.03,281.1,8.2,D,0
39.5939,48.4512,306.6,1.1,1,2023-02-21,1013,Aqua,MODIS,64,61.03,291.1,4.7,D,0
39.884,47.4815,325.9,1,1,2023-02-21,1013,Aqua,MODIS,64,61.03,274.7,28.5,D,0
39.8662,47.9949,311.3,1.1,1,2023-02-21,1013,Aqua,MODIS,65,61.03,290.7,9.3,D,0
39.8678,48.0074,308.7,1.1,1,2023-02-21,1013,Aqua,MODIS,55,61.03,290.4,7.4,D,2
39.8047,47.7106,308,1.1,1,2023-02-21,1013,Aqua,MODIS,66,61.03,287.4,8.8,D,0
39.7993,47.8879,309.5,1.1,1,2023-02-21,1013,Aqua,MODIS,69,61.03,291.6,7.9,D,0
39.8009,47.9002,306.7,1.1,1,2023-02-21,1013,Aqua,MODIS,64,61.03,292.5,5.8,D,0
39.6741,47.0749,312.8,1,1,2023-02-21,1013,Aqua,MODIS,73,61.03,286.6,11.7,D,0
39.6799,47.6076,305.7,1,1,2023-02-21,1013,Aqua,MODIS,61,61.03,274.7,9,D,0
39.6581,47.8747,307.9,1.1,1,2023-02-21,1013,Aqua,MODIS,66,61.03,289.7,8,D,2
40.1171,48.1824,304.8,2.9,1.6,2023-02-22,0644,Terra,MODIS,60,61.03,287.7,28,D,0
39.6927,47.5672,306.7,3.8,1.8,2023-02-22,0918,Aqua,MODIS,63,61.03,292.5,31.1,D,0
40.0694,47.919,309.7,3.5,1.8,2023-02-22,0918,Aqua,MODIS,65,61.03,291.3,50.8,D,0
40.0544,47.9256,368.1,3.5,1.8,2023-02-22,0918,Aqua,MODIS,94,61.03,290.8,671.8,D,0
40.0631,47.9199,301.3,4.2,1.9,2023-02-22,1056,Aqua,MODIS,33,61.03,289.1,21,D,0
39.8842,47.8937,307.2,4.1,1.9,2023-02-22,1056,Aqua,MODIS,64,61.03,292.2,42,D,0
39.6739,44.8094,305.7,2.7,1.6,2023-02-22,1056,Aqua,MODIS,53,61.03,292.7,11.6,D,0
39.7872,47.7155,306.6,4,1.9,2023-02-22,1056,Aqua,MODIS,63,61.03,290.6,40.5,D,0
39.6561,47.9186,301.8,4.1,1.9,2023-02-22,1056,Aqua,MODIS,47,61.03,288.5,20,D,2
39.6492,47.8789,302.6,4.1,1.9,2023-02-22,1056,Aqua,MODIS,49,61.03,288.7,23.4,D,2
39.2575,45.1378,311.7,2.8,1.6,2023-02-22,1056,Aqua,MODIS,65,61.03,295,31.2,D,0
39.2553,45.143,310.7,2.8,1.6,2023-02-22,1056,Aqua,MODIS,59,61.03,295.6,29.1,D,0
40.7194,47.3083,303.3,3.9,1.8,2023-02-22,1056,Aqua,MODIS,55,61.03,290.6,25.7,D,0
40.7286,47.3161,306.2,3.9,1.8,2023-02-22,1056,Aqua,MODIS,63,61.03,290.7,37.5,D,0
40.3117,47.4599,303.4,3.9,1.8,2023-02-22,1056,Aqua,MODIS,56,61.03,291.5,24.9,D,0
39.1205,46.8197,307.6,1.1,1,2023-02-22,2256,Aqua,MODIS,72,61.03,270.1,15,N,0
40.2221,47.7861,304.3,1,1,2023-02-23,0725,Terra,MODIS,59,61.03,284.6,6.2,D,0
40.5567,47.9039,306.9,1,1,2023-02-23,0725,Terra,MODIS,64,61.03,287.5,7.5,D,0
40.2377,48.2887,310.3,1,1,2023-02-23,1000,Aqua,MODIS,70,61.03,288.2,9.2,D,0
39.2971,46.711,300.2,1.1,1.1,2023-02-23,1000,Aqua,MODIS,31,61.03,274.7,6.8,D,0
40.5265,46.6634,301.1,1.1,1,2023-02-23,1000,Aqua,MODIS,14,61.03,285.1,4.4,D,0
40.6474,47.5257,319,1,1,2023-02-23,1000,Aqua,MODIS,79,61.03,290.8,16,D,0
40.4768,47.3841,307.7,1,1,2023-02-23,1000,Aqua,MODIS,43,61.03,291.3,4.5,D,0
40.9081,46.4544,307.2,1.3,1.1,2023-02-26,0750,Terra,MODIS,65,61.03,284.7,13.1,D,0
39.8945,47.5883,311.5,1.6,1.2,2023-02-26,0750,Terra,MODIS,71,61.03,290.4,20.6,D,0
40.906,46.4513,302.3,1.4,1.2,2023-02-26,1029,Aqua,MODIS,38,61.03,290.5,4.7,D,0
40.9147,46.4333,303.8,1.4,1.2,2023-02-26,1029,Aqua,MODIS,53,61.03,291.5,5.7,D,0
39.3388,47.2504,324.9,1.1,1,2023-02-28,0734,Terra,MODIS,82,61.03,293.5,21.8,D,0
39.6056,44.9363,304.2,1,1,2023-02-28,0734,Terra,MODIS,58,61.03,292,3.6,D,2
39.2949,47.1207,312.5,1.1,1,2023-02-28,0734,Terra,MODIS,69,61.03,296.7,8.3,D,0
39.3407,47.2385,324.9,1.1,1,2023-02-28,0734,Terra,MODIS,82,61.03,294.8,21.6,D,0
39.4876,47.4779,328.1,1.1,1,2023-02-28,0734,Terra,MODIS,85,61.03,292.9,25.3,D,0
39.4966,47.4803,348.8,1.1,1,2023-02-28,0734,Terra,MODIS,95,61.03,294.1,62.5,D,0
39.4986,47.4683,312.8,1.1,1,2023-02-28,0734,Terra,MODIS,71,61.03,292,9.6,D,0
39.5017,47.5069,310.3,1.1,1,2023-02-28,0734,Terra,MODIS,67,61.03,291.6,7.8,D,0
39.5912,47.7024,302.3,1.1,1,2023-02-28,0734,Terra,MODIS,45,61.03,290.3,3,D,0
40.1595,47.2891,305.1,1,1,2023-02-28,0734,Terra,MODIS,61,61.03,293.4,4.6,D,0
39.6833,47.6111,314.2,1.1,1,2023-02-28,1015,Aqua,MODIS,63,61.03,299,8.3,D,0
39.6849,47.6235,312.5,1.1,1,2023-02-28,1015,Aqua,MODIS,61,61.03,298.6,6.8,D,0
39.671,47.5883,344.6,1.1,1,2023-02-28,1015,Aqua,MODIS,93,61.03,297.6,50.9,D,0
39.6726,47.6007,317.5,1.1,1,2023-02-28,1015,Aqua,MODIS,47,61.03,297.2,10.3,D,0
39.5025,47.4856,311,1.1,1,2023-02-28,1015,Aqua,MODIS,50,61.03,300.9,4.5,D,0
39.5078,48.1821,325.6,1.1,1.1,2023-02-28,1015,Aqua,MODIS,78,61.03,300.1,21.3,D,0
39.5093,48.195,322.4,1.1,1.1,2023-02-28,1015,Aqua,MODIS,75,61.03,300.6,17.2,D,0
39.3437,47.247,318.7,1,1,2023-02-28,1015,Aqua,MODIS,71,61.03,302,9,D,0
39.3347,47.249,314.4,1,1,2023-02-28,1015,Aqua,MODIS,52,61.03,303.5,5.1,D,0
40.2449,47.6886,304,1,1,2023-03-02,1002,Aqua,MODIS,50,61.03,291.8,3.5,D,0
40.3005,47.3359,308.4,1,1,2023-03-02,1002,Aqua,MODIS,65,61.03,291.8,6.4,D,0
40.1748,47.4193,307.4,1,1,2023-03-02,1002,Aqua,MODIS,43,61.03,291.6,4.2,D,0
40.1936,47.66,308.9,1,1,2023-03-02,1002,Aqua,MODIS,64,61.03,292.9,7,D,0
40.1632,47.8808,311.4,1,1,2023-03-02,1002,Aqua,MODIS,70,61.03,291.8,8.6,D,0
39.9469,47.5054,309.9,1,1,2023-03-02,1002,Aqua,MODIS,68,61.03,292.9,7.1,D,0
39.6884,46.9918,310.5,1.1,1,2023-03-02,1002,Aqua,MODIS,65,61.03,297,5.5,D,0
39.6735,46.9579,309.2,1.1,1,2023-03-02,1002,Aqua,MODIS,53,61.03,296.6,5.5,D,0
40.3701,47.4812,301.1,1.7,1.3,2023-03-04,0702,Terra,MODIS,44,61.03,286.3,7.9,D,0
39.5894,46.4242,302.7,2,1.4,2023-03-04,1806,Terra,MODIS,51,61.03,272.2,27.9,N,0
39.2027,46.4573,302.6,1.2,1.1,2023-03-05,0743,Terra,MODIS,31,61.03,287.9,4.2,D,0
39.4202,47.3306,322.1,1.5,1.2,2023-03-05,1030,Aqua,MODIS,75,61.03,291.7,31.1,D,0
39.7265,46.9683,316.6,1.5,1.2,2023-03-05,1030,Aqua,MODIS,75,61.03,295.1,20.3,D,0
39.5846,46.7727,314.1,1.1,1.1,2023-03-05,1847,Terra,MODIS,89,61.03,275.9,20.9,N,0
40.1721,47.4272,310.4,2.1,1.4,2023-03-06,0935,Aqua,MODIS,24,61.03,272.7,26.4,D,0
41.0504,46.5361,322.8,1.1,1,2023-03-07,1017,Aqua,MODIS,77,61.03,291.6,21.3,D,0
40.0066,48.8608,316.7,1.2,1.1,2023-03-07,1017,Aqua,MODIS,58,61.03,290.3,17.8,D,0
39.8647,49.0482,307.5,1.3,1.1,2023-03-07,1017,Aqua,MODIS,63,61.03,292,7.9,D,0
40.5613,47.9682,302.5,1.7,1.3,2023-03-10,0751,Terra,MODIS,13,61.03,291.3,6.7,D,2
39.5462,48.3203,304.7,1.9,1.4,2023-03-10,0752,Terra,MODIS,55,61.03,294.2,8.7,D,0
39.9524,46.1978,322.7,1.4,1.2,2023-03-10,1856,Terra,MODIS,100,61.03,269.7,42.6,N,0
41.2793,46.9895,313.7,1.3,1.1,2023-03-11,0950,Aqua,MODIS,70,61.03,297.4,11.7,D,0
41.2102,47.0676,322.9,1.3,1.1,2023-03-11,0950,Aqua,MODIS,80,61.03,297.7,24.5,D,0
40.6532,47.4801,310.3,1.3,1.1,2023-03-11,0950,Aqua,MODIS,64,61.03,297.8,6,D,2
40.445,48.1112,313.4,1.2,1.1,2023-03-11,0950,Aqua,MODIS,66,61.03,300.5,8.7,D,0
39.6535,47.8633,324.8,1.3,1.1,2023-03-11,0950,Aqua,MODIS,78,61.03,302.3,23.5,D,0
39.6562,47.8779,321.6,1.3,1.1,2023-03-11,0950,Aqua,MODIS,73,61.03,300.9,18.1,D,2
39.8182,47.6282,315,1.3,1.1,2023-03-11,0950,Aqua,MODIS,65,61.03,299.8,11.2,D,0
39.7429,48.142,309.1,1.2,1.1,2023-03-12,0736,Terra,MODIS,22,61.03,293.2,5.1,D,0
39.225,46.3565,309,1.4,1.2,2023-03-12,1032,Aqua,MODIS,34,61.03,287.3,9.9,D,0
39.5071,47.5158,322.9,3.7,1.8,2023-03-13,0639,Terra,MODIS,76,61.03,298.8,104.1,D,0
39.4985,47.5234,324.9,3.7,1.8,2023-03-13,0639,Terra,MODIS,78,61.03,299.5,117.3,D,0
40.5547,47.1192,307.8,2.1,1.4,2023-03-13,0936,Aqua,MODIS,35,61.03,293.5,9.9,D,0
39.1861,46.7268,325.7,2.4,1.5,2023-03-13,0936,Aqua,MODIS,79,61.03,308.8,41.6,D,0
40.5555,47.1142,308.1,2.1,1.4,2023-03-13,0936,Aqua,MODIS,41,61.03,293.5,10.2,D,0
40.053,48.2569,312.2,1.2,1.1,2023-03-13,2314,Aqua,MODIS,84,61.03,282.7,18.7,N,0
39.9999,48.0515,304.4,1,1,2023-03-14,0719,Terra,MODIS,57,61.03,288.7,4.1,D,0
40.4736,47.2522,303,1.1,1,2023-03-14,0719,Terra,MODIS,48,61.03,281.4,5.1,D,0
39.9875,47.3817,306.1,1.1,1,2023-03-14,0719,Terra,MODIS,63,61.03,286.8,6.1,D,2
39.9568,47.4743,303.2,1,1,2023-03-14,0719,Terra,MODIS,55,61.03,286.8,3.7,D,0
39.9196,47.6875,306.8,1,1,2023-03-14,0719,Terra,MODIS,64,61.03,290.7,4.6,D,0
40.0556,48.2513,327.8,1,1,2023-03-14,0719,Terra,MODIS,64,61.03,283.7,26.9,D,0
39.5729,48.8628,315.2,1,1,2023-03-14,0720,Terra,MODIS,75,61.03,289.5,11.5,D,0
39.5713,48.8742,318.9,1,1,2023-03-14,0720,Terra,MODIS,79,61.03,289.6,15.2,D,0
39.7394,47.5871,311.3,1,1,2023-03-14,0720,Terra,MODIS,70,61.03,287.7,9.5,D,0
39.2063,46.7243,319.5,1.1,1,2023-03-14,0720,Terra,MODIS,74,61.03,295.2,12.7,D,0
39.2345,46.3695,327.7,1.1,1.1,2023-03-14,0720,Terra,MODIS,82,61.03,299.1,25.7,D,0
39.7233,47.7781,303.7,1,1,2023-03-14,0720,Terra,MODIS,54,61.03,288.9,4.7,D,0
39.5925,47.7024,309.5,1.1,1.1,2023-03-14,1018,Aqua,MODIS,47,61.03,293.6,6.5,D,0
40.2886,47.7971,319.5,1.2,1.1,2023-03-14,1018,Aqua,MODIS,76,61.03,296.2,15.4,D,0
40.0358,48.0758,317.7,1.2,1.1,2023-03-14,1018,Aqua,MODIS,43,61.03,293.6,14.7,D,0
39.7004,46.2532,326.7,1,1,2023-03-14,1018,Aqua,MODIS,81,61.03,294.3,20.1,D,0
39.702,46.2653,320.8,1,1,2023-03-14,1018,Aqua,MODIS,71,61.03,298.3,13,D,0
39.8952,48.102,308.1,1.2,1.1,2023-03-14,1018,Aqua,MODIS,51,61.03,291.3,6.7,D,0
39.6999,47.9182,311.4,1.2,1.1,2023-03-14,1018,Aqua,MODIS,61,61.03,292.1,10.2,D,0
39.7015,47.9315,311,1.2,1.1,2023-03-14,1018,Aqua,MODIS,59,61.03,292.2,10.1,D,0
39.7282,48.589,310.6,1.2,1.1,2023-03-14,1018,Aqua,MODIS,60,61.03,294.9,7.7,D,0
39.5973,47.7091,309.4,1.1,1.1,2023-03-14,1018,Aqua,MODIS,51,61.03,293.2,7,D,0
39.2005,46.7225,313.3,1,1,2023-03-14,1018,Aqua,MODIS,27,61.03,297.3,4.5,D,0
40.9071,46.1262,308.6,1,1,2023-03-14,1019,Aqua,MODIS,65,61.03,288.4,6.5,D,0
40.9055,46.1139,308.9,1,1,2023-03-14,1019,Aqua,MODIS,65,61.03,287.1,6.6,D,0
40.6368,47.2063,315.5,4.4,1.9,2023-03-15,1101,Aqua,MODIS,74,61.03,292.8,84.6,D,0
40.634,47.215,314.7,4.4,1.9,2023-03-15,1101,Aqua,MODIS,73,61.03,293,72.3,D,0
39.73,48.0598,312.1,1.2,1.1,2023-03-18,0951,Aqua,MODIS,60,61.03,294.7,9,D,0
39.5779,47.6599,303.5,1,1,2023-03-19,0728,Terra,MODIS,45,61.03,283.7,4.4,D,0
41.3283,48.8914,309.4,1.1,1,2023-03-21,0712,Terra,MODIS,68,61.03,288,9.2,D,0
39.4969,47.4785,317.6,2,1.4,2023-03-23,0656,Terra,MODIS,75,61.03,280.9,39,D,0
39.9268,47.5701,311.3,1.1,1.1,2023-03-24,0737,Terra,MODIS,49,61.03,298.4,5.5,D,0
40.3924,47.4673,322.4,2.9,1.6,2023-03-24,1048,Aqua,MODIS,78,61.03,284.2,80,D,0
40.3943,47.5012,309.7,2.9,1.6,2023-03-24,1048,Aqua,MODIS,29,61.03,285.7,26.6,D,0
40.3897,47.4755,327.5,2.9,1.6,2023-03-24,1048,Aqua,MODIS,83,61.03,285.5,101.7,D,0
40.7265,46.9076,324.7,1.3,1.1,2023-03-25,0952,Aqua,MODIS,79,61.03,296.1,23.2,D,0
40.7244,46.9031,319.2,1.3,1.1,2023-03-25,0952,Aqua,MODIS,62,61.03,296.8,14.8,D,0
40.3727,47.4157,315,1.3,1.1,2023-03-25,0952,Aqua,MODIS,65,61.03,295.7,9.8,D,0
40.5289,47.0777,317.1,1.3,1.1,2023-03-25,0952,Aqua,MODIS,75,61.03,293,17.1,D,0
40.5262,47.063,319.8,1.3,1.1,2023-03-25,0952,Aqua,MODIS,78,61.03,293.7,20.6,D,0
41.3599,48.4324,311.1,1,1,2023-03-26,0720,Terra,MODIS,57,61.03,297.8,5.4,D,0
40.898,46.3106,309.7,1.1,1.1,2023-03-26,0720,Terra,MODIS,28,61.03,295.2,5.2,D,0
40.5926,47.769,310.3,1,1,2023-03-26,0720,Terra,MODIS,54,61.03,294.8,6,D,0
40.8996,46.2975,318.1,1.1,1.1,2023-03-26,0720,Terra,MODIS,73,61.03,293.8,14.2,D,0
41.3583,48.4441,312.4,1,1,2023-03-26,0720,Terra,MODIS,64,61.03,296.4,6.7,D,0
40.3289,48.1912,311.8,2,1.4,2023-03-26,1034,Aqua,MODIS,52,61.03,299,10.6,D,0
40.2368,48.029,322.7,1.9,1.3,2023-03-26,1034,Aqua,MODIS,75,61.03,302.1,26.7,D,0
40.2312,48.0128,317.6,1.9,1.3,2023-03-26,1034,Aqua,MODIS,40,61.03,301.4,12.2,D,0
40.2331,48.035,319.2,1.9,1.3,2023-03-26,1034,Aqua,MODIS,58,61.03,302,17.1,D,0
41.5809,48.6943,310.4,1.4,1.2,2023-03-28,1021,Aqua,MODIS,58,61.03,297.1,7.8,D,0
40.6028,45.4449,333.1,1.1,1.1,2023-03-29,0745,Terra,MODIS,87,61.03,291.6,35.8,D,0
39.0756,46.8019,315.8,1.4,1.2,2023-03-29,0745,Terra,MODIS,66,61.03,300.9,12.1,D,0
40.5914,45.455,304.5,1.1,1.1,2023-03-29,0745,Terra,MODIS,37,61.03,290.7,4.7,D,0
40.5937,45.4416,323.5,1.1,1.1,2023-03-29,0745,Terra,MODIS,81,61.03,290.3,22.9,D,0
40.0213,46.0326,316.9,1.1,1,2023-03-29,2302,Aqua,MODIS,94,61.03,272.9,21.8,N,0
40.9159,46.3511,316.7,3.1,1.7,2023-03-30,0648,Terra,MODIS,75,61.03,286.6,71,D,0
40.0655,47.9212,308,2.5,1.5,2023-03-30,0648,Terra,MODIS,62,61.03,287.8,25.2,D,0
40.0714,47.9145,305.9,2.5,1.5,2023-03-30,0648,Terra,MODIS,58,61.03,289.3,19.1,D,0
40.0694,47.9432,305,2.5,1.5,2023-03-30,0648,Terra,MODIS,52,61.03,288.4,16.3,D,0
40.9148,46.3663,315.1,4.5,1.9,2023-03-30,0826,Terra,MODIS,63,61.03,285.4,104.5,D,0
40.916,46.3745,313.3,4.5,1.9,2023-03-30,0826,Terra,MODIS,57,61.03,285.3,83,D,0
40.0554,47.8912,317.5,1,1,2023-03-30,1007,Aqua,MODIS,31,61.03,293.2,11.3,D,0
39.8538,48.5555,312.8,1,1,2023-03-30,1007,Aqua,MODIS,58,61.03,298.7,5.8,D,0
39.8974,49.0752,318.1,1,1,2023-03-30,1007,Aqua,MODIS,70,61.03,293.5,10.6,D,0
39.6505,47.8378,310.7,1,1,2023-03-30,1007,Aqua,MODIS,48,61.03,297.5,5,D,0
40.0626,47.8775,332.1,1,1,2023-03-30,1007,Aqua,MODIS,85,61.03,294.9,26.5,D,0
40.478,47.425,320.3,1,1,2023-03-30,1007,Aqua,MODIS,76,61.03,295.8,12.8,D,0
40.4763,47.4134,333.4,1,1,2023-03-30,1007,Aqua,MODIS,87,61.03,296.7,28.3,D,0
40.6319,47.2767,314.4,1,1,2023-03-30,1007,Aqua,MODIS,65,61.03,297.9,6.6,D,0
40.6918,47.0015,310.7,1,1,2023-03-30,1007,Aqua,MODIS,64,61.03,292.2,7.3,D,0
40.0538,47.8797,341.2,1,1,2023-03-30,1007,Aqua,MODIS,86,61.03,291.3,41.6,D,0
40.7216,47.16,318.7,1.2,1.1,2023-04-04,1021,Aqua,MODIS,72,61.03,299.6,13.7,D,0
40.7194,47.1661,313.8,1.2,1.1,2023-04-04,1021,Aqua,MODIS,54,61.03,298.7,7.5,D,0
40.3812,50.2539,324.6,2.1,1.4,2023-04-05,0925,Aqua,MODIS,78,61.03,290.3,59,D,0
40.3862,50.2771,316.8,2,1.4,2023-04-05,0925,Aqua,MODIS,67,61.03,290.6,37.2,D,0
39.4765,47.5277,312.7,4.5,2,2023-04-06,0818,Terra,MODIS,70,61.03,293.3,50.5,D,0
39.4747,47.5221,314.1,4.5,2,2023-04-06,0818,Terra,MODIS,71,61.03,293,59.4,D,0
39.4874,47.4744,321.8,4.5,1.9,2023-04-06,0818,Terra,MODIS,79,61.03,290.7,118.3,D,0
39.4895,47.4801,325.2,4.5,1.9,2023-04-06,0818,Terra,MODIS,83,61.03,291.5,151.4,D,0
40.0328,47.8342,335.7,1,1,2023-04-06,1007,Aqua,MODIS,87,61.03,299.6,30.4,D,0
39.4936,47.501,320.1,1,1,2023-04-06,1007,Aqua,MODIS,51,61.03,303.7,8.6,D,0
39.4919,47.4895,352,1,1,2023-04-06,1007,Aqua,MODIS,96,61.03,306.4,58.2,D,0
40.0344,47.8457,326.8,1,1,2023-04-06,1007,Aqua,MODIS,70,61.03,296.9,19.9,D,0
41.0157,49.1908,309.3,1.7,1.3,2023-04-10,0745,Terra,MODIS,54,61.03,292.6,9.1,D,0
39.9748,48.4731,307.2,1.1,1,2023-04-12,0730,Terra,MODIS,37,61.03,293.2,5.3,D,2
40.9247,46.4177,315.3,1,1,2023-04-13,1008,Aqua,MODIS,61,61.03,294.6,9.5,D,0
39.2869,47.157,340.8,1,1,2023-04-13,1008,Aqua,MODIS,90,61.03,307.1,34.7,D,0
39.7126,47.6543,316.7,1,1,2023-04-13,1008,Aqua,MODIS,65,61.03,301.8,8.3,D,0
40.5689,47.6369,317.2,1,1,2023-04-13,1008,Aqua,MODIS,64,61.03,302.4,7,D,0
39.8305,48.1543,330.8,1,1,2023-04-13,1008,Aqua,MODIS,83,61.03,309.3,19.8,D,0
40.9201,46.1715,340.4,1.4,1.2,2023-04-15,0954,Aqua,MODIS,79,61.03,302,57.4,D,0
39.2282,48.7091,325.4,1,1,2023-04-20,1008,Aqua,MODIS,75,61.03,299.8,16.9,D,0
39.5795,47.6638,322.9,1.2,1.1,2023-04-22,0954,Aqua,MODIS,57,61.03,304.3,13.3,D,0
39.6424,47.9033,319.3,1.2,1.1,2023-04-22,0954,Aqua,MODIS,26,61.03,300.1,8.3,D,2
39.5781,47.6708,322.9,1.2,1.1,2023-04-22,0954,Aqua,MODIS,61,61.03,305,14.2,D,0
39.7298,48.6113,326.8,1.1,1.1,2023-04-22,0954,Aqua,MODIS,73,61.03,311.6,10.5,D,0
39.5876,47.6841,356.5,1.9,1.3,2023-04-23,1036,Aqua,MODIS,98,61.03,304.1,165.9,D,0
39.5894,47.7056,329.8,1.9,1.3,2023-04-23,1036,Aqua,MODIS,81,61.03,304.9,46.3,D,0
39.5827,47.6902,347.2,1.9,1.3,2023-04-23,1036,Aqua,MODIS,93,61.03,305,114.3,D,0
39.6676,47.91,321.7,1.8,1.3,2023-04-24,0940,Aqua,MODIS,74,61.03,298,31.8,D,0
39.7038,47.9642,317.2,1.1,1,2023-04-26,0714,Terra,MODIS,19,61.03,297.3,8.8,D,0
39.7004,47.9693,320.7,2.1,1.4,2023-04-27,0754,Terra,MODIS,71,61.03,298.8,33.2,D,0
39.2261,45.4028,323.2,1.1,1,2023-04-27,1008,Aqua,MODIS,48,61.03,306.3,10.8,D,2
39.6889,47.9599,326.4,1,1,2023-04-27,1008,Aqua,MODIS,72,61.03,307.2,13.6,D,0
39.7138,47.9419,329.1,1,1,2023-04-27,1008,Aqua,MODIS,77,61.03,303.5,18.1,D,0
39.7154,47.9534,328.7,1,1,2023-04-27,1008,Aqua,MODIS,76,61.03,303.1,17.1,D,0
39.6978,47.9577,337.8,1,1,2023-04-27,1008,Aqua,MODIS,86,61.03,307.3,28.7,D,0
39.6994,47.9692,331.4,1,1,2023-04-27,1008,Aqua,MODIS,76,61.03,304,18.4,D,0
39.6906,47.9713,326.9,1,1,2023-04-27,1008,Aqua,MODIS,73,61.03,303.7,13.3,D,0
39.5818,47.6795,321.3,3,1.7,2023-04-28,1050,Aqua,MODIS,70,61.03,303.9,48.5,D,0
39.5791,47.6524,318.4,3,1.7,2023-04-28,1050,Aqua,MODIS,53,61.03,301.9,35.3,D,0
41.0491,49.1479,322.3,1.4,1.2,2023-04-29,0738,Terra,MODIS,80,61.03,304.8,14.6,D,0
39.7015,47.9652,324.8,1.2,1.1,2023-04-29,0954,Aqua,MODIS,63,61.03,302.6,16.3,D,0
39.1977,45.3921,317,1.2,1.1,2023-05-04,0747,Terra,MODIS,52,61.03,298.7,12.4,D,2
39.6429,47.898,317.6,1.1,1,2023-05-06,0730,Terra,MODIS,17,61.03,296.3,9.6,D,2
39.6409,47.9101,318.6,1.1,1,2023-05-06,0730,Terra,MODIS,45,61.03,296.4,11.3,D,2
39.508,48.2416,329.9,1.2,1.1,2023-05-06,0954,Aqua,MODIS,81,61.03,305.4,25.5,D,0
39.6434,47.9187,311.6,1.7,1.3,2023-05-16,0746,Terra,MODIS,56,61.03,293.7,13.1,D,2
39.6472,47.9002,309.9,1.7,1.3,2023-05-16,0746,Terra,MODIS,41,61.03,293.1,10,D,2
39.3757,48.3563,314.4,1.1,1.1,2023-05-18,0730,Terra,MODIS,61,61.03,295.6,9.2,D,2
39.3444,45.0758,317.5,1,1,2023-05-23,0738,Terra,MODIS,55,61.03,297.7,6,D,2
39.3462,45.0641,318.3,1,1,2023-05-23,0738,Terra,MODIS,43,61.03,299.4,6.2,D,2
40.6742,45.8669,311.2,1.3,1.1,2023-05-28,0746,Terra,MODIS,50,61.03,296.7,8.5,D,0
39.6447,47.9071,330.8,1.1,1,2023-05-30,0730,Terra,MODIS,34,61.03,301.9,15.4,D,2
39.6446,47.903,329,1.3,1.1,2023-06-03,0953,Aqua,MODIS,60,61.03,304.2,17.5,D,2
39.6496,47.9141,326.8,1.3,1.1,2023-06-04,0738,Terra,MODIS,30,61.03,302.6,14.5,D,2
41.013,49.191,323.2,1,1,2023-06-08,1007,Aqua,MODIS,61,61.03,305.4,4.5,D,0
38.9303,45.6597,318.5,1,1,2023-06-11,0729,Terra,MODIS,57,61.03,302.7,5.9,D,0
38.9247,46.614,320.3,1,1,2023-06-11,0729,Terra,MODIS,58,61.03,299.2,9.7,D,0
38.5705,48.8242,318.5,1.2,1.1,2023-06-11,0729,Terra,MODIS,70,61.03,298.5,12.1,D,0
39.6058,47.764,322.9,1.1,1,2023-06-11,0729,Terra,MODIS,54,61.03,304,9.3,D,0
38.9378,45.6247,326.4,1.1,1,2023-06-16,0737,Terra,MODIS,60,61.03,303.4,10.3,D,2
40.644,46.8397,317.1,1.1,1.1,2023-06-16,0737,Terra,MODIS,59,61.03,300.2,8.4,D,0
39.635,47.8193,305,1.2,1.1,2023-06-16,1841,Terra,MODIS,63,61.03,292.8,6.5,N,0
40.573,48.7317,325.3,1,1,2023-06-18,0720,Terra,MODIS,59,61.03,309.2,7.6,D,0
39.1795,47.0398,336.9,2.5,1.5,2023-06-19,0938,Aqua,MODIS,85,61.03,303.6,80.1,D,0
39.6461,47.9187,315.7,1.7,1.3,2023-06-21,0745,Terra,MODIS,36,61.03,295.8,10.4,D,2
39.1094,48.7443,327.6,1,1,2023-06-22,1005,Aqua,MODIS,48,61.03,308.3,9.2,D,0
39.607,47.7638,320.9,1.1,1,2023-06-23,0728,Terra,MODIS,54,61.03,303.7,8.9,D,0
39.605,47.7758,319.9,1.1,1,2023-06-23,0728,Terra,MODIS,52,61.03,302.7,7.5,D,0
40.0097,48.4855,319.3,1.1,1.1,2023-06-23,0728,Terra,MODIS,49,61.03,302.9,7.9,D,2
38.7972,48.8027,319.2,1.3,1.1,2023-06-24,0951,Aqua,MODIS,25,61.03,301.9,13,D,0
39.5882,48.12,305.7,1.7,1.3,2023-06-27,1759,Terra,MODIS,65,61.03,293.5,10.6,N,0
39.6429,47.9202,328.6,1.3,1.1,2023-06-28,0736,Terra,MODIS,52,61.03,301,14.1,D,2
39.6456,47.9057,330.1,1.3,1.1,2023-06-28,0736,Terra,MODIS,39,61.03,300.2,18.5,D,2
39.8497,47.8053,303.8,1.2,1.1,2023-06-28,1840,Terra,MODIS,57,61.03,292.9,5.4,N,0
39.4491,48.259,331.8,1,1,2023-06-29,1005,Aqua,MODIS,61,61.03,310.4,12,D,0
39.9204,48.1274,327.5,1,1,2023-06-29,1005,Aqua,MODIS,66,61.03,307.9,11.2,D,0
40.3028,48.5683,330.7,1,1,2023-06-30,0720,Terra,MODIS,57,61.03,306.5,11.9,D,0
40.5754,48.7335,329.5,1,1,2023-06-30,0720,Terra,MODIS,74,61.03,306.4,11.6,D,0
40.5771,48.722,331.3,1,1,2023-06-30,0720,Terra,MODIS,77,61.03,306.6,14.6,D,0
40.926,46.414,323.3,1.1,1,2023-06-30,0720,Terra,MODIS,39,61.03,303.6,11.2,D,0
40.9275,46.4016,339.4,1.1,1,2023-06-30,0720,Terra,MODIS,87,61.03,305.7,34.5,D,0
40.9207,46.3986,325.4,1.6,1.3,2023-07-01,0951,Aqua,MODIS,59,61.03,307,24.3,D,0
40.9284,46.4217,335.5,1.6,1.2,2023-07-02,0703,Terra,MODIS,86,61.03,301.1,48.5,D,0
40.9301,46.4029,328.5,1.6,1.2,2023-07-02,0703,Terra,MODIS,76,61.03,301.1,30.3,D,0
39.6945,47.6988,321.8,1.5,1.2,2023-07-03,1848,Terra,MODIS,100,61.03,293.5,33.3,N,0
41.0529,45.8032,356.9,1,1,2023-07-05,0727,Terra,MODIS,98,61.03,298.9,65.5,D,0
41.0545,45.7915,327.6,1,1,2023-07-05,0727,Terra,MODIS,60,61.03,298.1,12.6,D,0
39.7734,49.0871,334.8,1.2,1.1,2023-07-05,0728,Terra,MODIS,67,61.03,303.8,28.7,D,0
39.6052,47.7748,321.3,1.1,1,2023-07-05,0728,Terra,MODIS,51,61.03,304.4,6,D,0
39.6651,47.7468,320.3,1.1,1,2023-07-05,0728,Terra,MODIS,61,61.03,304,7.2,D,0
39.6906,47.9869,324.6,1.1,1,2023-07-05,0728,Terra,MODIS,35,61.03,306.6,11,D,0
39.7339,47.7217,327.1,1.1,1,2023-07-05,0728,Terra,MODIS,75,61.03,306.2,14.1,D,0
39.7678,49.0934,325.5,1.2,1.1,2023-07-05,0728,Terra,MODIS,50,61.03,301.1,13,D,0
39.77,49.0802,325.9,1.2,1.1,2023-07-05,0728,Terra,MODIS,51,61.03,303.9,13.7,D,0
39.9275,47.3095,306.2,1,1,2023-07-05,1831,Terra,MODIS,67,61.03,293.2,5.6,N,0
39.9291,47.3211,311.5,1,1,2023-07-05,1831,Terra,MODIS,83,61.03,293.6,9.5,N,0
40.014,47.4033,302.6,1,1,2023-07-05,1832,Terra,MODIS,49,61.03,292.5,3.9,N,2
39.5785,47.7087,326.3,1.1,1,2023-07-06,1004,Aqua,MODIS,36,61.03,309.9,7.5,D,0
39.6035,47.7596,326.7,1.1,1,2023-07-06,1004,Aqua,MODIS,47,61.03,310.9,9.1,D,0
39.6055,47.7717,326,1.1,1,2023-07-06,1004,Aqua,MODIS,37,61.03,309.9,8.2,D,0
41.0513,49.1422,334.8,1,1,2023-07-06,1004,Aqua,MODIS,80,61.03,312.1,13,D,0
41.0506,45.8074,335.7,1.4,1.2,2023-07-07,0711,Terra,MODIS,78,61.03,306.4,34.9,D,0
39.3347,48.292,330.2,2.5,1.5,2023-07-07,1046,Aqua,MODIS,67,61.03,310.4,32.4,D,0
39.3284,48.2973,331,2.5,1.5,2023-07-07,1046,Aqua,MODIS,68,61.03,310.4,34.6,D,0
40.5345,46.8784,321.6,1.8,1.3,2023-07-08,0752,Terra,MODIS,59,61.03,302.7,13.2,D,0
39.4091,48.3393,335.1,2.3,1.5,2023-07-08,0752,Terra,MODIS,85,61.03,302.9,68.4,D,0
40.3314,47.1248,318.8,1.9,1.3,2023-07-08,0752,Terra,MODIS,65,61.03,301.2,13.6,D,2
40.5387,46.8583,363.8,1.8,1.3,2023-07-08,0752,Terra,MODIS,100,61.03,303.9,193,D,0
39.7628,47.7957,326.6,1.5,1.2,2023-07-08,0950,Aqua,MODIS,64,61.03,303.6,20.4,D,0
40.3781,47.2814,319.3,1.6,1.2,2023-07-08,0950,Aqua,MODIS,51,61.03,301.6,11.3,D,0
40.3746,47.2638,326.7,1.6,1.2,2023-07-08,0950,Aqua,MODIS,73,61.03,302.3,26.1,D,0
39.6406,47.9046,329.3,1.3,1.1,2023-07-10,0735,Terra,MODIS,48,61.03,306.7,15,D,2
39.9667,47.5335,327.6,1.2,1.1,2023-07-10,0735,Terra,MODIS,75,61.03,303.4,19.5,D,0
39.6478,47.9219,328.3,1.3,1.1,2023-07-10,0735,Terra,MODIS,55,61.03,305.9,13,D,2
39.9691,47.5198,319.3,1.2,1.1,2023-07-10,0735,Terra,MODIS,55,61.03,303.3,8.2,D,0
40.2274,47.3946,318.1,1.2,1.1,2023-07-10,0735,Terra,MODIS,56,61.03,303.6,7.1,D,0
39.7237,47.7347,324.3,1,1,2023-07-12,0719,Terra,MODIS,68,61.03,303,10.6,D,0
40.3791,47.0021,321.1,1,1,2023-07-12,0719,Terra,MODIS,70,61.03,301,10.2,D,0
40.3972,47.2786,319.4,1,1,2023-07-12,0719,Terra,MODIS,63,61.03,301.4,8,D,0
40.5768,48.7354,321.3,1,1,2023-07-12,0719,Terra,MODIS,61,61.03,302.7,8.2,D,0
39.643,47.9161,318.6,1,1,2023-07-12,0719,Terra,MODIS,8,61.03,300.2,3.8,D,2
40.5786,48.7239,324.7,1,1,2023-07-12,0719,Terra,MODIS,70,61.03,302.5,12.3,D,0
39.743,47.7274,323.5,1,1,2023-07-12,0719,Terra,MODIS,23,61.03,303.9,9.6,D,0
40.3776,47.0139,321.8,1,1,2023-07-12,0719,Terra,MODIS,71,61.03,301.1,10.6,D,0
39.6799,47.9755,308,1,1,2023-07-12,1823,Terra,MODIS,73,61.03,293.7,6.8,N,0
39.6782,47.9641,303.7,1,1,2023-07-12,1823,Terra,MODIS,56,61.03,293.6,4.1,N,0
40.9019,45.8188,319.7,2,1.4,2023-07-13,0759,Terra,MODIS,54,61.03,305.3,18.9,D,0
39.6041,47.7615,327.4,1.1,1,2023-07-13,1003,Aqua,MODIS,53,61.03,311.4,11,D,0
41.0471,49.1373,333,1,1,2023-07-13,1003,Aqua,MODIS,80,61.03,307.6,13.6,D,0
41.0488,49.1489,336.7,1,1,2023-07-13,1003,Aqua,MODIS,84,61.03,306.2,19.8,D,0
39.6944,47.7423,328,1.1,1,2023-07-13,1003,Aqua,MODIS,69,61.03,309.5,12,D,0
39.6965,47.7546,331.5,1.1,1,2023-07-13,1003,Aqua,MODIS,75,61.03,310.6,16,D,0
38.926,46.6075,331,1.2,1.1,2023-07-13,1003,Aqua,MODIS,69,61.03,312.6,16,D,0
40.035,48.6896,303.9,1.3,1.1,2023-07-14,1806,Terra,MODIS,57,61.03,293.3,5.8,N,0
40.8043,46.0779,322.8,1.2,1.1,2023-07-15,0743,Terra,MODIS,26,61.03,304.5,8.8,D,0
40.5735,48.7221,338.8,1.3,1.2,2023-07-15,0949,Aqua,MODIS,85,61.03,310.6,33.4,D,0
39.7111,47.7371,320.4,2.1,1.4,2023-07-20,0751,Terra,MODIS,70,61.03,296.8,25.8,D,0
39.7129,47.7444,323.6,2.1,1.4,2023-07-20,0751,Terra,MODIS,74,61.03,297.1,33.1,D,0
40.1037,47.1766,325.1,1.2,1.1,2023-07-20,1002,Aqua,MODIS,65,61.03,307.6,8.8,D,0
39.6458,47.9326,325.3,1.3,1.1,2023-07-22,0734,Terra,MODIS,50,61.03,302.9,10.1,D,2
39.6412,47.9014,328.1,1.3,1.1,2023-07-22,0734,Terra,MODIS,39,61.03,302.5,15.4,D,2
39.6484,47.9185,327.8,1.3,1.1,2023-07-22,0734,Terra,MODIS,56,61.03,302,14.5,D,2
41.5695,46.2629,327.6,1,1,2023-07-22,0734,Terra,MODIS,78,61.03,307.3,10.2,D,0
41.5715,46.2507,327.5,1,1,2023-07-22,0734,Terra,MODIS,80,61.03,306.4,9.6,D,0
40.9253,46.4072,330.4,1.8,1.3,2023-07-22,0948,Aqua,MODIS,65,61.03,301.6,38.3,D,0
40.5705,48.7186,344.7,1.4,1.2,2023-07-22,0948,Aqua,MODIS,90,61.03,310.6,50,D,0
40.5737,48.7348,339.4,1.4,1.2,2023-07-22,0948,Aqua,MODIS,86,61.03,311.4,34.1,D,0
40.9179,46.3948,332.7,1.2,1.1,2023-07-23,1029,Aqua,MODIS,60,61.03,310.3,19.6,D,0
40.9163,46.381,334.1,1.2,1.1,2023-07-23,1029,Aqua,MODIS,67,61.03,308.4,21.5,D,0
39.7251,47.9803,326.4,1.1,1.1,2023-07-26,2256,Aqua,MODIS,100,61.03,293,27.8,N,0
39.7235,47.9931,306.3,1.1,1.1,2023-07-26,2256,Aqua,MODIS,67,61.03,292.7,7.1,N,0
40.2061,48.3934,331.5,1.6,1.3,2023-07-27,0742,Terra,MODIS,77,61.03,305.1,29.2,D,0
40.2064,48.3879,330.3,1.6,1.3,2023-07-27,0742,Terra,MODIS,77,61.03,305.4,24.7,D,0
39.8121,47.546,326.7,1.2,1.1,2023-07-27,1000,Aqua,MODIS,67,61.03,311.5,12.6,D,0
40.3951,50.1167,306.9,1.7,1.3,2023-07-28,1749,Terra,MODIS,66,61.03,295.8,12.6,N,0
40.3755,47.2391,317.4,1,1,2023-07-29,0725,Terra,MODIS,53,61.03,300.3,6.9,D,2
39.6555,48.3789,325.8,1.1,1,2023-07-29,0726,Terra,MODIS,67,61.03,305.5,7.6,D,0
39.8046,47.7934,324.9,1.7,1.3,2023-07-29,0946,Aqua,MODIS,66,61.03,303.5,19.2,D,2
39.8071,47.7993,334.7,1.7,1.3,2023-07-29,0946,Aqua,MODIS,81,61.03,303.7,46,D,2
39.8158,47.7894,322,1.7,1.3,2023-07-29,0946,Aqua,MODIS,39,61.03,303.1,12.7,D,0
41.5925,46.1521,327.1,1.9,1.4,2023-07-29,0947,Aqua,MODIS,80,61.03,302.9,38,D,0
39.8006,47.607,309,1,1,2023-07-29,1829,Terra,MODIS,76,61.03,293.6,7,N,0
39.8021,47.6186,306.3,1,1,2023-07-29,1829,Terra,MODIS,67,61.03,293.6,5.2,N,0
39.8088,48.0849,321.4,1.1,1,2023-07-31,0709,Terra,MODIS,46,61.03,297,9.3,D,0
39.5278,47.508,308.7,2,1.4,2023-08-02,1757,Terra,MODIS,75,61.03,294.8,17.9,N,0
39.5241,47.5155,305.9,2,1.4,2023-08-02,1757,Terra,MODIS,66,61.03,294.8,12.9,N,0
39.8072,48.4393,343.9,1.3,1.1,2023-08-03,0733,Terra,MODIS,90,61.03,305.4,53.4,D,0
39.6432,47.9161,327.5,1.2,1.1,2023-08-03,0733,Terra,MODIS,28,61.03,304.1,11.8,D,2
39.8061,48.4481,332.6,1.3,1.1,2023-08-03,0733,Terra,MODIS,76,61.03,304.2,23.3,D,0
39.8088,48.4333,333.3,1.3,1.1,2023-08-03,0733,Terra,MODIS,73,61.03,305,26,D,0
40.6922,48.3932,330.2,1.1,1,2023-08-03,0959,Aqua,MODIS,73,61.03,306.6,19.8,D,0
39.9181,48.9417,334.4,1.1,1,2023-08-03,0959,Aqua,MODIS,47,61.03,313.2,10.1,D,0
41.6351,48.5257,323.6,1.1,1,2023-08-03,1000,Aqua,MODIS,66,61.03,307.1,8,D,0
40.2775,47.8932,313.4,1.2,1.1,2023-08-03,1837,Terra,MODIS,87,61.03,295.7,11.2,N,0
40.9419,49.2293,334.6,2.4,1.5,2023-08-04,1041,Aqua,MODIS,86,61.03,303.6,69.4,D,0
40.9384,49.2231,329.4,2.4,1.5,2023-08-04,1041,Aqua,MODIS,82,61.03,304.5,48.7,D,0
40.925,49.2248,328.6,2.4,1.5,2023-08-04,1041,Aqua,MODIS,79,61.03,305,42.6,D,0
40.9114,49.2229,329,2.4,1.5,2023-08-04,1041,Aqua,MODIS,81,61.03,303.3,45.4,D,0
40.913,49.201,324.6,2.4,1.5,2023-08-04,1041,Aqua,MODIS,67,61.03,303.2,25.2,D,0
40.9151,49.2314,333.9,2.4,1.5,2023-08-04,1041,Aqua,MODIS,86,61.03,303.9,69.1,D,0
39.2333,49.0005,438.7,1.4,1.2,2023-08-06,1026,Aqua,MODIS,0,61.03,308.1,864.9,D,0
39.2214,48.9868,347.4,1.4,1.2,2023-08-06,1026,Aqua,MODIS,0,61.03,305.5,59.6,D,0
39.8029,47.668,334.9,1,1,2023-08-08,1012,Aqua,MODIS,79,61.03,309.1,17.7,D,0
40.0386,46.7507,316.9,1.3,1.1,2023-08-08,1845,Terra,MODIS,94,61.03,295.1,19.6,N,0
39.187,46.9893,307,1.3,1.1,2023-08-09,2253,Aqua,MODIS,70,61.03,295.8,9.3,N,0
38.9302,48.6855,332.3,1.1,1.1,2023-08-10,0725,Terra,MODIS,70,61.03,310,20.4,D,0
39.8288,48.3146,328.9,1.1,1,2023-08-10,0725,Terra,MODIS,68,61.03,308.5,14.8,D,0
39.5783,48.088,312.8,1,1,2023-08-10,1829,Terra,MODIS,83,61.03,298.8,8.9,N,0
39.16,48.784,358.3,1,1,2023-08-12,0709,Terra,MODIS,98,61.03,315.7,67,D,0
39.1616,48.7723,351.4,1,1,2023-08-12,0709,Terra,MODIS,93,61.03,317,49.5,D,0
39.1511,48.782,335.5,1,1,2023-08-12,0709,Terra,MODIS,61,61.03,313.2,20.1,D,0
39.1621,48.7603,330.2,1.8,1.3,2023-08-12,0943,Aqua,MODIS,59,61.03,315.9,23.6,D,0
39.1663,48.78,333.1,1.8,1.3,2023-08-12,0943,Aqua,MODIS,65,61.03,313.9,30.4,D,0
39.1508,48.7642,339.2,1.8,1.3,2023-08-12,0943,Aqua,MODIS,76,61.03,316.3,50.7,D,0
39.155,48.7839,348,1.8,1.3,2023-08-12,0943,Aqua,MODIS,91,61.03,314,85.3,D,0
39.155,48.7676,349.5,1.8,1.3,2023-08-12,0943,Aqua,MODIS,92,61.03,317.7,96.3,D,0
39.159,48.7873,340,1.8,1.3,2023-08-12,0943,Aqua,MODIS,80,61.03,313.3,52.7,D,0
39.1437,48.7716,328.3,1.8,1.3,2023-08-12,0943,Aqua,MODIS,48,61.03,313.4,21.1,D,0
39.9384,46.6904,326.8,2.2,1.5,2023-08-12,0943,Aqua,MODIS,48,61.03,304.6,45.5,D,0
39.9438,46.7143,328.7,2.2,1.4,2023-08-12,0943,Aqua,MODIS,68,61.03,308,49.4,D,0
39.9396,46.6968,335.6,2.2,1.5,2023-08-12,0943,Aqua,MODIS,80,61.03,305.6,81.4,D,0
38.8118,48.7944,313.4,1.1,1,2023-08-12,1812,Terra,MODIS,87,61.03,296.5,11.6,N,0
39.8866,46.8084,342.1,1.1,1,2023-08-13,1025,Aqua,MODIS,87,61.03,314.7,34.9,D,0
39.8881,46.8203,328.1,1.1,1,2023-08-13,1025,Aqua,MODIS,36,61.03,310.1,13.5,D,0
39.219,48.6615,343.1,1.2,1.1,2023-08-13,1025,Aqua,MODIS,84,61.03,318.8,31.7,D,0
39.2206,48.6756,342.5,1.2,1.1,2023-08-13,1025,Aqua,MODIS,83,61.03,317,31.6,D,0
39.2092,48.6633,351.9,1.2,1.1,2023-08-13,1025,Aqua,MODIS,93,61.03,319.4,54.7,D,0
39.2108,48.6775,356.6,1.2,1.1,2023-08-13,1025,Aqua,MODIS,97,61.03,317.4,70.9,D,0
40.2545,48.0769,330.5,1.2,1.1,2023-08-15,0733,Terra,MODIS,62,61.03,308.8,17.5,D,0
40.2641,48.0798,327.6,1.2,1.1,2023-08-15,0733,Terra,MODIS,38,61.03,310.2,11.5,D,0
39.2893,48.1727,341.4,1,1,2023-08-15,1010,Aqua,MODIS,83,61.03,320.9,21,D,0
39.291,48.1841,335.9,1,1,2023-08-15,1010,Aqua,MODIS,73,61.03,319.2,11.4,D,0
39.876,47.3023,307.9,1.1,1.1,2023-08-15,1837,Terra,MODIS,73,61.03,296.1,7.6,N,0
39.6547,47.0742,399.1,1,1,2023-08-17,0716,Terra,MODIS,100,61.03,326.2,236.4,D,0
38.9425,48.7011,331.6,1,1,2023-08-17,0716,Terra,MODIS,69,61.03,313,16.3,D,0
39.6532,47.0858,332.3,1,1,2023-08-17,0716,Terra,MODIS,79,61.03,320.3,11.6,D,0
39.6563,47.0625,364,1,1,2023-08-17,0716,Terra,MODIS,100,61.03,317.9,81.7,D,0
39.6574,47.1227,330,1,1,2023-08-17,0716,Terra,MODIS,73,61.03,319.2,8.4,D,0
39.6637,47.0761,341.5,1,1,2023-08-17,0716,Terra,MODIS,88,61.03,319.9,27.1,D,0
40.57,48.5322,364.1,1.2,1.1,2023-08-17,0956,Aqua,MODIS,100,61.03,313.8,97,D,0
39.655,47.0666,340.3,1.4,1.2,2023-08-17,0956,Aqua,MODIS,85,61.03,320.1,40.5,D,0
39.6519,47.0506,375.6,1.4,1.2,2023-08-17,0956,Aqua,MODIS,100,61.03,323.1,199.1,D,0
40.5677,48.519,356,1.2,1.1,2023-08-17,0956,Aqua,MODIS,97,61.03,312.3,70.3,D,0
39.6488,47.0346,373,1.4,1.2,2023-08-17,0956,Aqua,MODIS,100,61.03,320.4,186.8,D,0
39.6712,47.0611,314.5,1.1,1,2023-08-17,1820,Terra,MODIS,89,61.03,293,13.7,N,0
39.6783,47.0534,325.2,1.1,1,2023-08-17,1820,Terra,MODIS,100,61.03,293.5,25.1,N,0
38.7655,48.0906,324.6,3,1.6,2023-08-18,0757,Terra,MODIS,61,61.03,308.8,36.7,D,0
38.7661,48.0622,348,1.7,1.3,2023-08-18,1037,Aqua,MODIS,91,61.03,315.7,74.9,D,0
38.767,48.0734,345.6,1.7,1.3,2023-08-18,1037,Aqua,MODIS,90,61.03,313,68.4,D,0
38.7654,48.0557,334.7,1.7,1.3,2023-08-18,1037,Aqua,MODIS,65,61.03,316.9,26.7,D,0
39.9471,46.8931,322.6,1.5,1.2,2023-08-19,0700,Terra,MODIS,63,61.03,304.8,12.4,D,0
39.9359,46.8673,327,2.3,1.5,2023-08-19,0942,Aqua,MODIS,59,61.03,305.7,41.7,D,0
39.9453,46.8552,330.4,2.3,1.5,2023-08-19,0942,Aqua,MODIS,74,61.03,303.2,55.3,D,0
39.9512,46.8811,328.1,2.3,1.5,2023-08-19,0942,Aqua,MODIS,67,61.03,304.6,40.8,D,0
39.9329,46.8616,324.2,2.3,1.5,2023-08-19,0942,Aqua,MODIS,57,61.03,305.2,32,D,0
39.9483,46.8612,337,2.3,1.5,2023-08-19,0942,Aqua,MODIS,85,61.03,303.2,87.8,D,0
39.5089,48.2334,331.7,1.1,1.1,2023-08-20,1023,Aqua,MODIS,55,61.03,305.4,16.8,D,0
39.1798,48.7527,336.3,1.2,1.1,2023-08-20,1023,Aqua,MODIS,69,61.03,304.5,25.2,D,0
39.3306,47.2308,337.2,1.1,1,2023-08-22,1009,Aqua,MODIS,73,61.03,308.4,24.6,D,0
40.2513,46.2774,320,1.1,1,2023-08-22,1009,Aqua,MODIS,45,61.03,304.8,11.7,D,0
40.5501,47.098,321.2,3,1.7,2023-08-23,0804,Terra,MODIS,68,61.03,298.2,46.7,D,0
40.5502,47.1052,325.6,3,1.7,2023-08-23,0804,Terra,MODIS,74,61.03,298.3,66.7,D,0
38.9989,48.1863,304.5,3.6,1.8,2023-08-23,1908,Terra,MODIS,60,61.03,290.3,35.1,N,0
39.0049,48.1941,300.5,3.6,1.8,2023-08-23,1908,Terra,MODIS,28,61.03,290.3,22.7,N,0
39.6562,47.6341,307.1,1.1,1.1,2023-08-27,1836,Terra,MODIS,70,61.03,290.9,8.9,N,0
39.201,48.6831,328.4,4.6,2,2023-08-28,1103,Aqua,MODIS,70,61.03,294.8,143.1,D,0
39.2028,48.6743,327.1,4.6,2,2023-08-28,1103,Aqua,MODIS,67,61.03,294.8,127.9,D,0
39.2276,48.6912,327,1,1,2023-08-29,0715,Terra,MODIS,59,61.03,301.6,15.6,D,0
39.9264,48.6305,321.5,1,1,2023-08-29,1007,Aqua,MODIS,46,61.03,303.5,6.6,D,0
39.9281,48.6421,322.2,1,1,2023-08-29,1007,Aqua,MODIS,52,61.03,305.3,7.2,D,0
41.0521,49.1514,329.2,1.7,1.3,2023-09-01,0739,Terra,MODIS,83,61.03,302.4,33.3,D,0
41.0184,49.2015,330,1.7,1.3,2023-09-01,0739,Terra,MODIS,63,61.03,302.5,34.6,D,0
41.0223,49.1821,336.6,1.7,1.3,2023-09-01,0739,Terra,MODIS,83,61.03,302.1,54.3,D,0
41.0412,49.1475,320.5,1.7,1.3,2023-09-01,0739,Terra,MODIS,70,61.03,302.8,13.1,D,0
39.1965,48.363,330.4,1.1,1,2023-09-05,0707,Terra,MODIS,73,61.03,309.7,12.8,D,0
39.1949,48.375,325.3,1.1,1,2023-09-05,0707,Terra,MODIS,58,61.03,307.8,6,D,0
41.0169,49.1784,323.2,1,1,2023-09-05,1005,Aqua,MODIS,55,61.03,307.4,5.2,D,0
41.0186,49.1901,324.2,1,1,2023-09-05,1005,Aqua,MODIS,58,61.03,307,6.2,D,0
40.3962,49.6582,305.4,1,1,2023-09-05,1810,Terra,MODIS,59,61.03,295.3,5.1,N,0
39.8536,47.4268,335.3,1.9,1.4,2023-09-07,0650,Terra,MODIS,85,61.03,299.9,67.6,D,0
39.8597,47.4121,334.2,2,1.4,2023-09-07,0650,Terra,MODIS,84,61.03,299.9,63.6,D,0
39.8579,47.4346,332.9,1.9,1.4,2023-09-07,0650,Terra,MODIS,83,61.03,299.6,60,D,0
39.8244,47.3636,362,1.7,1.3,2023-09-07,0951,Aqua,MODIS,100,61.03,304.6,165.5,D,0
39.8283,47.3824,333.7,1.7,1.3,2023-09-07,0951,Aqua,MODIS,82,61.03,303.1,43,D,0
39.8262,47.3679,368.9,1.7,1.3,2023-09-07,0951,Aqua,MODIS,100,61.03,304.9,209.6,D,0
40.3324,47.9402,315.4,1,1,2023-09-10,1018,Aqua,MODIS,42,61.03,300.5,6.4,D,0
40.334,47.9521,320.5,1,1,2023-09-10,1018,Aqua,MODIS,76,61.03,300.3,11.1,D,0
40.3145,47.9444,326.7,1,1,2023-09-10,1018,Aqua,MODIS,81,61.03,300.2,17.4,D,0
39.9217,48.0882,309.6,1,1,2023-09-15,0722,Terra,MODIS,55,61.03,294.9,5,D,0
40.9264,46.3835,316.6,1.1,1.1,2023-09-15,1031,Aqua,MODIS,55,61.03,301.2,7.8,D,2
41.0149,49.1839,313.7,1,1,2023-09-19,1001,Aqua,MODIS,62,61.03,299.3,5.3,D,0
41.0121,49.1947,315,1.3,1.1,2023-09-20,0729,Terra,MODIS,70,61.03,299.2,8.8,D,0
41.6528,48.5792,309.2,2,1.4,2023-09-27,1041,Aqua,MODIS,35,61.03,297.8,10.3,D,0
41.6233,46.158,310.7,1,1,2023-09-29,1026,Aqua,MODIS,50,61.03,294.6,6.9,D,0
40.4535,48.5552,315.6,2,1.4,2023-09-30,0744,Terra,MODIS,69,61.03,297.1,17.8,D,0
40.4429,46.8211,301.8,4.1,1.9,2023-10-07,0927,Aqua,MODIS,27,61.03,289.9,12.5,D,0
41.2745,46.7076,314.8,1.1,1,2023-10-08,1009,Aqua,MODIS,69,61.03,301.9,7.4,D,0
40.2825,47.2982,310.3,1,1,2023-10-09,0719,Terra,MODIS,63,61.03,298.2,5.5,D,0
40.2838,47.3023,307.5,1,1,2023-10-13,1020,Aqua,MODIS,63,61.03,296,4.9,D,0
40.4071,48.3693,309.7,1.1,1,2023-10-13,1020,Aqua,MODIS,64,61.03,295.8,6.7,D,0
41.6877,46.1916,306.9,2.9,1.6,2023-10-15,0806,Terra,MODIS,64,61.03,292.2,29.3,D,0
39.9578,47.6188,302.7,1,1,2023-10-20,1017,Aqua,MODIS,16,61.03,289.8,2.4,D,0
40.4148,48.1681,306.6,1.2,1.1,2023-10-25,1029,Aqua,MODIS,55,61.03,294.6,4.9,D,0
41.2507,46.8197,310.1,1,1,2023-10-27,1014,Aqua,MODIS,64,61.03,293.7,5.5,D,0
41.2532,46.8453,308.4,1.2,1.1,2023-10-28,0707,Terra,MODIS,67,61.03,293.5,7.4,D,0
40.1702,47.7392,309.6,1.3,1.1,2023-10-29,0959,Aqua,MODIS,54,61.03,299.3,5.3,D,0
39.6516,47.8238,306.6,1.1,1,2023-11-01,1026,Aqua,MODIS,50,61.03,292.3,5.3,D,0
39.6531,47.8362,310,1.1,1,2023-11-01,1026,Aqua,MODIS,63,61.03,293.2,7.9,D,0
40.1969,49.4702,302.7,1.1,1.1,2023-11-04,0657,Terra,MODIS,40,61.03,286.4,4.6,D,0
41.0355,47.3064,302.7,1.4,1.2,2023-11-04,0657,Terra,MODIS,53,61.03,290.2,6.5,D,0
39.8045,45.0516,305.2,1.1,1,2023-11-06,1037,Aqua,MODIS,50,61.03,292.3,4.8,D,0
40.1971,49.4721,307.7,1.9,1.3,2023-11-07,0941,Aqua,MODIS,55,61.03,293.2,10.1,D,0
39.4955,49.15,300.2,4.4,1.9,2023-11-08,0802,Terra,MODIS,15,61.03,284.9,16.4,D,0
40.952,49.1024,301.8,1,1,2023-11-09,0704,Terra,MODIS,49,61.03,282.8,6.6,D,0
40.1946,49.4699,305,1,1,2023-11-09,1809,Terra,MODIS,62,61.03,278,10,N,0
40.5502,45.4189,321.7,1,1,2023-11-12,1833,Terra,MODIS,100,61.03,278.1,24.2,N,0
39.3334,47.2067,316.3,2.9,1.6,2023-11-16,1100,Aqua,MODIS,75,61.03,298.3,47.3,D,0
39.3422,47.1803,310.5,2.8,1.6,2023-11-16,1100,Aqua,MODIS,68,61.03,298.7,25,D,0
39.3444,47.2139,312.8,2.9,1.6,2023-11-16,1100,Aqua,MODIS,71,61.03,298.3,33.2,D,0
39.3026,48.6467,306.7,3.5,1.8,2023-11-16,1100,Aqua,MODIS,58,61.03,295.9,22.7,D,0
39.2938,48.6517,306.9,3.5,1.8,2023-11-16,1100,Aqua,MODIS,59,61.03,296.3,25,D,0
39.1663,45.4624,302.4,1.2,1.1,2023-11-22,1014,Aqua,MODIS,52,61.03,287.6,6.7,D,0
39.335,47.1992,312.3,1,1,2023-11-26,0709,Terra,MODIS,71,61.03,295.7,9.2,D,0
39.3323,47.1921,317.3,2.5,1.5,2023-11-26,0944,Aqua,MODIS,77,61.03,297.8,46.2,D,0
39.3387,47.2195,307,2.5,1.5,2023-11-26,0944,Aqua,MODIS,65,61.03,296.9,16.1,D,0
39.3384,47.1943,319.5,2.5,1.5,2023-11-26,0944,Aqua,MODIS,79,61.03,297.8,50.7,D,0
40.5753,49.6235,304.8,1.2,1.1,2023-11-26,2321,Aqua,MODIS,62,61.03,287.2,10.7,N,2
40.3357,46.8572,301.3,1,1,2023-12-01,0716,Terra,MODIS,46,61.03,288.9,3.9,D,0
41.0596,45.8001,300.1,1.1,1.1,2023-12-02,1037,Aqua,MODIS,22,61.03,290,3.3,D,0
40.9113,46.4568,304.3,1.2,1.1,2023-12-02,1037,Aqua,MODIS,55,61.03,288.6,7.5,D,0
39.703,48.7941,304.1,1.5,1.2,2023-12-02,1037,Aqua,MODIS,45,61.03,294.1,6.5,D,0
39.7001,48.7823,308.2,1.5,1.2,2023-12-02,1037,Aqua,MODIS,65,61.03,294.2,11.8,D,0
39.66,47.0888,306.7,1,1,2023-12-04,1021,Aqua,MODIS,61,61.03,290.9,5.3,D,0
39.6584,47.0774,305.5,1,1,2023-12-04,1021,Aqua,MODIS,47,61.03,290.3,4.9,D,0
40.5403,45.4436,300.6,1,1,2023-12-04,1022,Aqua,MODIS,38,61.03,274.6,7.7,D,0
39.2133,46.7293,334,1,1,2023-12-11,1017,Aqua,MODIS,89,61.03,287.5,36.7,D,0
39.2152,46.7413,300.1,1,1,2023-12-11,1017,Aqua,MODIS,29,61.03,287.2,3.5,D,0
40.5431,49.7064,327.6,2.5,1.5,2023-12-24,0628,Terra,MODIS,80,61.03,284.5,109,D,2
40.5366,49.712,317.5,2.5,1.5,2023-12-24,0628,Terra,MODIS,64,61.03,283.8,65.2,D,2
40.22,48.6056,303.2,1.1,1,2023-12-25,1008,Aqua,MODIS,47,61.03,278.1,7.3,D,0
39.5445,48.1357,305.4,2.1,1.4,2023-12-26,1049,Aqua,MODIS,61,61.03,288.1,20.8,D,0
39.5438,48.1411,302.6,2.1,1.4,2023-12-26,1049,Aqua,MODIS,53,61.03,288.1,14.9,D,0
39.2368,48.6723,303.1,2.2,1.4,2023-12-26,1049,Aqua,MODIS,55,61.03,288.9,18.6,D,0
40.6039,47.5977,302.2,1.2,1.1,2023-12-28,1034,Aqua,MODIS,51,61.03,283.4,9,D,2
40.0981,47.3465,304.3,1.2,1.1,2023-12-28,1034,Aqua,MODIS,58,61.03,286.7,8.4,D,0
40.914,46.4308,301.7,1,1,2023-12-30,1019,Aqua,MODIS,49,61.03,284,6.8,D,0
